codigo,nombre,inspirada_en,es_arabe,categoria,categoria_nombre,color_caja,nota
CAB-001,ASAD LATTAFA,LATTAFA,si,caballero,Caballero,azul,
CAB-002,212 MEN NYC,CAROLINA HERRERA,no,caballero,Caballero,azul,
CAB-003,212 VIP MEN,CAROLINA HERRERA,no,caballero,Caballero,azul,
CAB-004,360 PERRY ELLIS MEN,PERRY ELLIS,no,caballero,Caballero,azul,
CAB-005,9 PM,AFNAN,si,caballero,Caballero,azul,
CAB-006,ACQUA DI GIO POUR HOME,GIORGIO ARMANI,no,caballero,Caballero,azul,
CAB-007,ACQUA DI GIO PROFUMO,GIORGIO ARMANI,no,caballero,Caballero,azul,
CAB-008,ALLURE HOMME SPORT,CHANEL,no,caballero,Caballero,azul,
CAB-009,AMEN DE MUGLER,THIERRY MUGLER,no,caballero,Caballero,azul,
CAB-010,BAD BOY NEW YORK,CAROLINA HERRERA,no,caballero,Caballero,azul,
CAB-011,BLACK XS,PACO RABANNE,no,caballero,Caballero,azul,
CAB-012,BLEU DE CHANEL EAU DE PARFUM,CHANEL,no,caballero,Caballero,azul,
CAB-013,BVLGARI AQVA POUR HOMME,BVLGARI,no,caballero,Caballero,azul,
CAB-014,BVLGARI MAN,BVLGARI,no,caballero,Caballero,azul,
CAB-015,CLUB NUIT INTENSE MAN,ARMAF,si,caballero,Caballero,azul,
CAB-016,CREED AVENTUS,CREED,no,caballero,Caballero,azul,
CAB-017,DIESEL PLUS PLUS,DIESEL,no,caballero,Caballero,azul,
CAB-018,FAHRENHEIT,CHRISTIAN DIOR,no,caballero,Caballero,azul,
CAB-019,AL HARAMAIN AMBER OUD GOLD,,si,caballero,Caballero,azul,
CAB-020,HUGO BOSS MAN,HUGO BOSS,no,caballero,Caballero,azul,
CAB-021,HUGO BOSS BOTTLE,HUGO BOSS,no,caballero,Caballero,azul,
CAB-022,INVICTUS CLASICA,PACO RABANNE,no,caballero,Caballero,azul,
CAB-023,INVICTUS VICTORY,PACO RABANNE,no,caballero,Caballero,azul,
CAB-024,ISSEY MIYAKE POUR HOMME,ISSEY MIYAKE,no,caballero,Caballero,azul,
CAB-025,JEAN PASCAL HOMME,JEAN PASCAL,no,caballero,Caballero,azul,
CAB-026,LACOSTE BLANCA,LACOSTE,no,caballero,Caballero,azul,
CAB-027,LACOSTE RED,LACOSTE,no,caballero,Caballero,azul,
CAB-028,LAPIDUS POUR HOMME,LAPIDUS,no,caballero,Caballero,azul,
CAB-029,LE MALE,JEAN PAUL GAULTIER LE MALE,no,caballero,Caballero,azul,
CAB-030,LIGHT BLUE MEN,DOLCE&GABBANA,no,caballero,Caballero,azul,
CAB-031,MANDARIN SKY,ARMAF ODYSSEY,si,caballero,Caballero,azul,
CAB-032,MOSCHINO TOY BOY,MOSCHINO,no,caballero,Caballero,azul,
CAB-033,NAUTICA VOYAGE,NAUTICA,no,caballero,Caballero,azul,
CAB-034,NITRO RED,DUMON PARIS,no,caballero,Caballero,azul,
CAB-035,ONE MILLION,PACO RABANNE,no,caballero,Caballero,azul,
CAB-036,ONE MILLION LUCKY,PACO RABANNE,no,caballero,Caballero,azul,
CAB-037,OMBRE NOMADE,LOUIS VUITTON,no,caballero,Caballero,azul,
CAB-038,PARIS HILTON HOMBRE,PARIS HILTON,no,caballero,Caballero,azul,
CAB-039,POLO BLUE,RALPH LAUREN,no,caballero,Caballero,azul,
CAB-040,POLO RED,RALPH LAUREN,no,caballero,Caballero,azul,
CAB-041,PURE XS,PACO RABANNE,no,caballero,Caballero,azul,
CAB-042,SAUVAGE PARFUM,DIOR,no,caballero,Caballero,azul,
CAB-043,SOLO LOEWE,SOLO LOEWE,no,caballero,Caballero,azul,
CAB-044,STARWALKER MONTBLANC,MONT BLANC,no,caballero,Caballero,azul,
CAB-045,SWISS ARMY CLASSIC,VICTORINOX,no,caballero,Caballero,azul,
CAB-046,TOMMY MEN,TOMMY HILFIGER,no,caballero,Caballero,azul,
CAB-047,VERSACE EROS,VERSACE,no,caballero,Caballero,azul,
CAB-048,VALENTINO UOMO BORN IN ROMA,VALENTINO,no,caballero,Caballero,azul,
DAM-001,212 SEXI,CAROLINA HERRERA,no,dama,Dama,morada,
DAM-002,212 VIP ROSE,CAROLINA HERRERA,no,dama,Dama,morada,
DAM-003,360 PERRY ELLIS WOMAN,PERRY ELLIS,no,dama,Dama,morada,
DAM-004,9 PM FEM,AFNAN,si,dama,Dama,morada,
DAM-005,ANGEL DE MUGLER,THIERRY MUGLER,no,dama,Dama,morada,
DAM-006,ARIANA GRANDE CLOUD,ARIANA GRANDE,no,dama,Dama,morada,
DAM-007,BOMBSHELL,VICTORIA'S SECRET,no,dama,Dama,morada,
DAM-008,BURBERRY HER ELIXIR,BURBERRY,no,dama,Dama,morada,
DAM-009,BVLGARI OMNIA CORAL,BVLGARI,no,dama,Dama,morada,
DAM-010,CH CAROLINA HERRERA,CAROLINA HERRERA,no,dama,Dama,morada,
DAM-011,CAN CAN,PARIS HILTON,no,dama,Dama,morada,
DAM-012,COCO CHANEL MADEMOISELLE,CHANEL,no,dama,Dama,morada,
DAM-013,DYLAN BLUE VERSACE,VERSACE,no,dama,Dama,morada,
DAM-014,ESCADA,SORBETTO ROSSO,no,dama,Dama,morada,
DAM-015,FAME,PACO RABANNE,no,dama,Dama,morada,
DAM-016,FANTASY,BRITNEY SPEARS,no,dama,Dama,morada,
DAM-017,FLOWER BY KENZO,KENZO,no,dama,Dama,morada,
DAM-018,GOOD GIRL NEW YORK,CAROLINA HERRERA,no,dama,Dama,morada,
DAM-019,GOOD GIRL BLUSH,CAROLINA HERRERA,no,dama,Dama,morada,
DAM-020,GOOD GIRL VERY,CAROLINA HERRERA,no,dama,Dama,morada,
DAM-021,GUESS GOLD,GUESS,no,dama,Dama,morada,
DAM-022,HALLOWEEN,JESÚS DEL POZO,no,dama,Dama,morada,
DAM-023,HEIRES PARIS HILTON,PARIS HILTON,no,dama,Dama,morada,
DAM-024,ILMIN IL FEMME,ILMIN,si,dama,Dama,morada,
DAM-025,ISSEY MIYAKE FEMENINA,ISSEY MIYAKE,no,dama,Dama,morada,
DAM-026,J´ADORE,DIOR,no,dama,Dama,morada,
DAM-027,LA VIE EST BELLE,LA VIE EST BELLE,no,dama,Dama,morada,
DAM-028,LACOSTE PINK,LACOSTE,no,dama,Dama,morada,
DAM-029,LADY MILLION,PACO RABANNE,no,dama,Dama,morada,
DAM-030,LIGHT BLUE WOMAN,DOLCE&GABBANA,no,dama,Dama,morada,
DAM-031,MEOW KATY PERRY,KATY PERRY,no,dama,Dama,morada,
DAM-032,MOSCHINO TOY 2,MOSCHINO,no,dama,Dama,morada,
DAM-033,MISS DIOR,DIOR,no,dama,Dama,morada,
DAM-034,NOBLE BLUSH,LATTAFA,si,dama,Dama,morada,
DAM-035,OLIMPEA,PACO RABANNE,no,dama,Dama,morada,
DAM-036,PARIS HILTON CLASICA,PARIS HILTON,no,dama,Dama,morada,
DAM-037,RALPH LAUREN,RALPH LAUREN,no,dama,Dama,morada,
DAM-038,SCANDAL,JEAN PAUL GAULTIER,no,dama,Dama,morada,
DAM-039,SUNKISSED GODDESS,KILIAN HENNESSY,no,dama,Dama,morada,
DAM-040,SOFIA VERGARA,SOFIA VERGARA,no,dama,Dama,morada,
DAM-041,TOMMY GIRL,TOMMY HILFIGER,no,dama,Dama,morada,
DAM-042,TOUCH,FRED HAYMAN,no,dama,Dama,morada,
DAM-043,TRIBU,BENETTON,no,dama,Dama,morada,
DAM-044,VALENTINO DONNA,VALENTINO,no,dama,Dama,morada,
DAM-045,YARA CANDY,LATTAFA,si,dama,Dama,morada,
DAM-046,YARA,LATTAFA,si,dama,Dama,morada,
DAM-047,YARA TOUS,LATTAFA,si,dama,Dama,morada,
DAM-048,YARA MOI,LATTAFA,si,dama,Dama,morada,
DAM-049,YUM YUM,ARMAF,si,dama,Dama,morada,
UNI-001,AMATISTE BADEE UNISEX AL OUD,LATTAFA,si,unisex,Unisex,,
UNI-002,BACCARAT ROUGE 540,FRANCIS PARFUM,si,unisex,Unisex,,
UNI-003,CALVIN KLEIN ONE,CALVIN KLEIN,no,unisex,Unisex,,
UNI-004,CREED SILVER MONTAIN,CREED,no,unisex,Unisex,,
UNI-005,HONOR & GLORY,LATTAFA,si,unisex,Unisex,,
UNI-006,KHAMRAH LATTAFA,LATTAFA,si,unisex,Unisex,,
UNI-007,GLORY OLD FOR,LATTAFA,si,unisex,Unisex,,
UNI-008,BOND N°9 BLEECKER,NYC,no,unisex,Unisex,,
UNI-009,SANTAL 33,LE LABO,no,unisex,Unisex,,
UNI-010,SUBLIME BADEE AL OUD,LATTAFA,si,unisex,Unisex,,
RVH-001,DORSAY,ÉSIKA,no,revista_hombre,Revista hombre,azul,
RVH-002,OHM BLACK COLOGNE,YANBAL,no,revista_hombre,Revista hombre,azul,
RVH-003,OSADIA HOMBRE,YANBAL,no,revista_hombre,Revista hombre,azul,
RVH-004,SOLO FOR MEN,YANBAL,no,revista_hombre,Revista hombre,azul,
RVH-005,TEMTATION MEN,YANBAL,no,revista_hombre,Revista hombre,azul,
RVD-001,CCORI,YANBAL,no,revista_dama,Revista dama,morada,
RVD-002,CIELO,YANBAL,no,revista_dama,Revista dama,morada,
RVD-003,GAIA,YANBAL,no,revista_dama,Revista dama,morada,
RVD-004,OSADIA DAMA,YANBAL,no,revista_dama,Revista dama,morada,
RVD-005,TEMTATION DAMA,YANBAL,no,revista_dama,Revista dama,morada,
NIA-001,BARBIE,,no,nina,Niña,morada,
NIA-002,FROZEN,,no,nina,Niña,morada,Pasa a ser mini
NIA-003,MINNIE,,no,nina,Niña,morada,
NIA-004,TOUS KIDS,,no,nina,Niña,morada,
NIA-005,FRESA ROSITA,,no,nina,Niña,morada,
NIO-001,ARRURU,,no,nino,Niño,azul,AZUL Y ROSADA
NIO-002,PATRULLA CANINA,,no,nino,Niño,azul,
NIO-003,AVENGERS BOY,,no,nino,Niño,azul,
